{
    "mean_fit_time": [
        0.007022190093994141,
        0.005309963226318359,
        0.005286502838134766
    ],
    "std_fit_time": [
        0.0034215186163049174,
        2.553043322088553e-05,
        1.5400732963136953e-05
    ],
    "mean_score_time": [
        0.026305341720581056,
        0.02449178695678711,
        0.024463176727294922
    ],
    "std_score_time": [
        0.0036547481871729865,
        1.5677721236013027e-05,
        1.0654936703181571e-05
    ],
    "param_var_smoothing": [
        1e-06,
        1e-09,
        1e-12
    ],
    "params": [
        {
            "var_smoothing": 1e-06
        },
        {
            "var_smoothing": 1e-09
        },
        {
            "var_smoothing": 1e-12
        }
    ],
    "split0_test_score": [
        0.7166666666666667,
        0.7166666666666667,
        0.7166666666666667
    ],
    "split1_test_score": [
        0.8333333333333334,
        0.8333333333333334,
        0.8333333333333334
    ],
    "split2_test_score": [
        0.7666666666666667,
        0.7666666666666667,
        0.7666666666666667
    ],
    "split3_test_score": [
        0.9,
        0.8833333333333333,
        0.8833333333333333
    ],
    "split4_test_score": [
        0.8333333333333334,
        0.8333333333333334,
        0.8333333333333334
    ],
    "mean_test_score": [
        0.8099999999999999,
        0.8066666666666666,
        0.8066666666666666
    ],
    "std_test_score": [
        0.06289320754704403,
        0.058309518948452994,
        0.058309518948452994
    ],
    "rank_test_score": [
        1,
        2,
        2
    ]
}