{
    "mean_fit_time": [
        0.3705026626586914,
        0.3635539531707764,
        0.22205009460449218
    ],
    "std_fit_time": [
        0.029146851777920157,
        0.037041173211449584,
        0.005999685959560992
    ],
    "mean_score_time": [
        0.059633636474609376,
        0.06044692993164062,
        0.0369168758392334
    ],
    "std_score_time": [
        0.011931108565471374,
        0.013061600442330977,
        0.00036910216506062874
    ],
    "param_var_smoothing": [
        1e-06,
        1e-09,
        1e-12
    ],
    "params": [
        {
            "var_smoothing": 1e-06
        },
        {
            "var_smoothing": 1e-09
        },
        {
            "var_smoothing": 1e-12
        }
    ],
    "split0_test_score": [
        0.55,
        0.55,
        0.55
    ],
    "split1_test_score": [
        0.5045454545454545,
        0.5045454545454545,
        0.5045454545454545
    ],
    "split2_test_score": [
        0.55,
        0.55,
        0.55
    ],
    "split3_test_score": [
        0.49772727272727274,
        0.49772727272727274,
        0.49772727272727274
    ],
    "split4_test_score": [
        0.55,
        0.55,
        0.55
    ],
    "mean_test_score": [
        0.5304545454545455,
        0.5304545454545455,
        0.5304545454545455
    ],
    "std_test_score": [
        0.024035098302549632,
        0.024035098302549632,
        0.024035098302549632
    ],
    "rank_test_score": [
        1,
        1,
        1
    ]
}