{
    "mean_fit_time": [
        0.9926018238067627,
        1.007723903656006,
        0.5642642974853516
    ],
    "std_fit_time": [
        0.00668685193156432,
        0.02077573408709329,
        0.0035319717494436986
    ],
    "mean_score_time": [
        1.1517483234405517,
        1.1390681743621827,
        0.5491312980651856
    ],
    "std_score_time": [
        0.002278237395924387,
        0.011194379470447366,
        0.0036529334527522
    ],
    "param_var_smoothing": [
        1e-06,
        1e-09,
        1e-12
    ],
    "params": [
        {
            "var_smoothing": 1e-06
        },
        {
            "var_smoothing": 1e-09
        },
        {
            "var_smoothing": 1e-12
        }
    ],
    "split0_test_score": [
        0.5691428571428572,
        0.5351428571428571,
        0.5117142857142857
    ],
    "split1_test_score": [
        0.564952380952381,
        0.5356190476190477,
        0.5138095238095238
    ],
    "split2_test_score": [
        0.5621904761904762,
        0.5310476190476191,
        0.5117142857142857
    ],
    "split3_test_score": [
        0.5643809523809524,
        0.5322857142857143,
        0.5134285714285715
    ],
    "split4_test_score": [
        0.5628571428571428,
        0.5278095238095238,
        0.506095238095238
    ],
    "mean_test_score": [
        0.5647047619047618,
        0.5323809523809524,
        0.5113523809523809
    ],
    "std_test_score": [
        0.0024330304536130725,
        0.002856507865945513,
        0.00276577725233323
    ],
    "rank_test_score": [
        1,
        2,
        3
    ]
}