{
    "mean_fit_time": [
        4.363933134078979
    ],
    "std_fit_time": [
        0.05176781317859567
    ],
    "mean_score_time": [
        0.004270744323730469
    ],
    "std_score_time": [
        0.00011742103160329336
    ],
    "param_C": [
        1.0976270078546495
    ],
    "param_penalty": [
        "l2"
    ],
    "param_solver": [
        "lbfgs"
    ],
    "params": [
        {
            "C": 1.0976270078546495,
            "penalty": "l2",
            "solver": "lbfgs"
        }
    ],
    "split0_test_score": [
        0.49318181818181817
    ],
    "split1_test_score": [
        0.5
    ],
    "split2_test_score": [
        0.5068181818181818
    ],
    "split3_test_score": [
        0.4909090909090909
    ],
    "split4_test_score": [
        0.48863636363636365
    ],
    "mean_test_score": [
        0.4959090909090909
    ],
    "std_test_score": [
        0.006649426744694456
    ],
    "rank_test_score": [
        1
    ]
}