{
    "mean_fit_time": [
        0.0013346672058105469,
        0.0010669231414794922,
        0.001261425018310547
    ],
    "std_fit_time": [
        0.000268720183327828,
        0.000334087780370813,
        0.0002509118938844114
    ],
    "mean_score_time": [
        0.0007289409637451172,
        0.0005688667297363281,
        0.0006676673889160156
    ],
    "std_score_time": [
        0.00016815238985437125,
        0.0002155933667917499,
        0.0001360539836211877
    ],
    "param_var_smoothing": [
        1e-06,
        1e-09,
        1e-12
    ],
    "params": [
        {
            "var_smoothing": 1e-06
        },
        {
            "var_smoothing": 1e-09
        },
        {
            "var_smoothing": 1e-12
        }
    ],
    "split0_test_score": [
        0.7876106194690266,
        0.7876106194690266,
        0.7876106194690266
    ],
    "split1_test_score": [
        0.7767857142857143,
        0.7767857142857143,
        0.7767857142857143
    ],
    "split2_test_score": [
        0.7410714285714286,
        0.7410714285714286,
        0.7410714285714286
    ],
    "split3_test_score": [
        0.7321428571428571,
        0.7321428571428571,
        0.7321428571428571
    ],
    "split4_test_score": [
        0.7410714285714286,
        0.7410714285714286,
        0.7410714285714286
    ],
    "mean_test_score": [
        0.755736409608091,
        0.755736409608091,
        0.755736409608091
    ],
    "std_test_score": [
        0.022117041109567324,
        0.022117041109567324,
        0.022117041109567324
    ],
    "rank_test_score": [
        1,
        1,
        1
    ]
}