{
    "mean_fit_time": [
        0.0016776561737060548,
        0.0016372203826904297,
        0.001602315902709961
    ],
    "std_fit_time": [
        0.0005302020226974072,
        7.72717520612122e-05,
        0.0003518290746161251
    ],
    "mean_score_time": [
        0.0008793354034423828,
        0.0008023738861083985,
        0.0007588386535644532
    ],
    "std_score_time": [
        0.0002913073638511164,
        2.9671994390405668e-05,
        0.00015933215213990792
    ],
    "param_var_smoothing": [
        1e-06,
        1e-09,
        1e-12
    ],
    "params": [
        {
            "var_smoothing": 1e-06
        },
        {
            "var_smoothing": 1e-09
        },
        {
            "var_smoothing": 1e-12
        }
    ],
    "split0_test_score": [
        0.6933333333333334,
        0.6933333333333334,
        0.6933333333333334
    ],
    "split1_test_score": [
        0.76,
        0.76,
        0.76
    ],
    "split2_test_score": [
        0.6933333333333334,
        0.6933333333333334,
        0.6933333333333334
    ],
    "split3_test_score": [
        0.74,
        0.74,
        0.74
    ],
    "split4_test_score": [
        0.74,
        0.74,
        0.74
    ],
    "mean_test_score": [
        0.7253333333333334,
        0.7253333333333334,
        0.7253333333333334
    ],
    "std_test_score": [
        0.02712931993250106,
        0.02712931993250106,
        0.02712931993250106
    ],
    "rank_test_score": [
        1,
        1,
        1
    ]
}