{
    "mean_fit_time": [
        0.01605677604675293,
        0.017102527618408202,
        0.011069965362548829
    ],
    "std_fit_time": [
        0.0005220451231146571,
        0.0001710470385856752,
        0.0002904873573635723
    ],
    "mean_score_time": [
        0.003104496002197266,
        0.002887105941772461,
        0.0016405582427978516
    ],
    "std_score_time": [
        0.0002542389751580899,
        0.00016164678387620038,
        8.866017303850785e-05
    ],
    "param_var_smoothing": [
        1e-06,
        1e-09,
        1e-12
    ],
    "params": [
        {
            "var_smoothing": 1e-06
        },
        {
            "var_smoothing": 1e-09
        },
        {
            "var_smoothing": 1e-12
        }
    ],
    "split0_test_score": [
        0.7748607796340493,
        0.7748607796340493,
        0.7748607796340493
    ],
    "split1_test_score": [
        0.7836117740652346,
        0.7836117740652346,
        0.7836117740652346
    ],
    "split2_test_score": [
        0.7844073190135242,
        0.7844073190135242,
        0.7844073190135242
    ],
    "split3_test_score": [
        0.7730891719745223,
        0.7730891719745223,
        0.7730891719745223
    ],
    "split4_test_score": [
        0.7898089171974523,
        0.7898089171974523,
        0.7898089171974523
    ],
    "mean_test_score": [
        0.7811555923769566,
        0.7811555923769566,
        0.7811555923769566
    ],
    "std_test_score": [
        0.006263838928817987,
        0.006263838928817987,
        0.006263838928817987
    ],
    "rank_test_score": [
        1,
        1,
        1
    ]
}