{
    "mean_fit_time": [
        0.2931431770324707,
        0.3162868499755859,
        0.31767640113830564,
        0.2987321376800537,
        0.1166067123413086,
        0.1242365837097168,
        0.14103350639343262,
        0.1472454071044922,
        0.10953545570373535,
        0.11149134635925292,
        0.11464147567749024,
        0.1268850803375244,
        0.10853981971740723,
        0.11847686767578125,
        0.11715636253356934,
        0.11471772193908691,
        0.11047677993774414,
        0.12041397094726562,
        0.11893396377563477
    ],
    "std_fit_time": [
        0.032547486513051185,
        0.018485995100938516,
        0.0076710929086218176,
        0.027929697326591164,
        0.00265503948359755,
        0.008807881605829147,
        0.020172462914698312,
        0.014906204960750761,
        0.010602165232248602,
        0.010007383490424224,
        0.004860961914554204,
        0.011619843959620098,
        0.01266694790729496,
        0.005315145588757649,
        0.003393048808302897,
        0.009221390002453972,
        0.014502515439299615,
        0.004935106199828158,
        0.003910781205634147
    ],
    "mean_score_time": [
        204.10368208885194,
        206.17890644073486,
        206.62365245819092,
        203.6419738292694,
        200.7626386642456,
        201.56019220352172,
        207.13885674476623,
        211.70543489456176,
        205.88956141471863,
        204.2802532196045,
        208.28619556427003,
        209.07394371032714,
        205.17940950393677,
        206.18757343292236,
        207.56493983268737,
        209.55758023262024,
        165.21724009513855,
        148.92802572250366,
        161.45233516693116
    ],
    "std_score_time": [
        3.049959601220993,
        3.483386711027162,
        3.0177388887582395,
        3.5933994379000347,
        3.959974509497538,
        3.2574357540018837,
        2.1978798053959743,
        0.7118295336492324,
        3.267737868116642,
        1.8971603862477375,
        1.775923272667611,
        2.7366174473503317,
        4.300973895065009,
        3.161403052438914,
        2.1657230470998643,
        1.4647464943022643,
        17.355907476463983,
        19.3166736771067,
        17.693792154664955
    ],
    "param_n_neighbors": [
        1,
        2,
        3,
        4,
        5,
        6,
        7,
        8,
        9,
        10,
        11,
        12,
        13,
        14,
        15,
        16,
        17,
        18,
        19
    ],
    "params": [
        {
            "n_neighbors": 1
        },
        {
            "n_neighbors": 2
        },
        {
            "n_neighbors": 3
        },
        {
            "n_neighbors": 4
        },
        {
            "n_neighbors": 5
        },
        {
            "n_neighbors": 6
        },
        {
            "n_neighbors": 7
        },
        {
            "n_neighbors": 8
        },
        {
            "n_neighbors": 9
        },
        {
            "n_neighbors": 10
        },
        {
            "n_neighbors": 11
        },
        {
            "n_neighbors": 12
        },
        {
            "n_neighbors": 13
        },
        {
            "n_neighbors": 14
        },
        {
            "n_neighbors": 15
        },
        {
            "n_neighbors": 16
        },
        {
            "n_neighbors": 17
        },
        {
            "n_neighbors": 18
        },
        {
            "n_neighbors": 19
        }
    ],
    "split0_test_score": [
        0.9625481916651367,
        0.9571094180282724,
        0.9645447035065173,
        0.9602533504681476,
        0.9625252432531669,
        0.9586354874242703,
        0.959094455663668,
        0.9560078942537177,
        0.9544015054158252,
        0.9515673765375436,
        0.9506953368826877,
        0.9479759500642555,
        0.9467137874059115,
        0.9445910592986966,
        0.942571599045346,
        0.940666880851845,
        0.9388769047181935,
        0.9363755278134753,
        0.9354002203047549
    ],
    "split1_test_score": [
        0.9616073067743712,
        0.9566275013769047,
        0.9635349733798421,
        0.9594157334312465,
        0.9614351936845971,
        0.9566963466128144,
        0.958050302919038,
        0.9539884340003671,
        0.9541375986781715,
        0.9502593170552598,
        0.9498921424637415,
        0.9468400036717459,
        0.94596796401689,
        0.942801083165045,
        0.9420093629520837,
        0.9391063888378924,
        0.9380392876812924,
        0.9357673948962731,
        0.9345511290618689
    ],
    "split2_test_score": [
        0.9621236460436938,
        0.9572126858821369,
        0.9640054158252249,
        0.9598976500826143,
        0.96292684046264,
        0.9579699834771433,
        0.9587158068661649,
        0.9553423903065907,
        0.9547572058013586,
        0.9512919955939049,
        0.9502937396732146,
        0.9469776941435653,
        0.9457155314852213,
        0.9434092160822471,
        0.9418601982742795,
        0.939829263814944,
        0.9388998531301634,
        0.9368115476409032,
        0.9356297044244538
    ],
    "split3_test_score": [
        0.9622728107214981,
        0.9578437672113089,
        0.9641775289149991,
        0.959955021112539,
        0.9627547273728658,
        0.9582453644207821,
        0.959117404075638,
        0.9556866164861392,
        0.9554112355425005,
        0.9516476959794382,
        0.951073985680191,
        0.9481021663300899,
        0.9471957040572793,
        0.9447516981824857,
        0.9432829998164127,
        0.9402079126124472,
        0.9396456765191848,
        0.9370984027905269,
        0.9362034147237012
    ],
    "split4_test_score": [
        0.9628690433844707,
        0.957292515289555,
        0.964636091381625,
        0.959162832325504,
        0.9622150061387706,
        0.9578777065093917,
        0.9593464217278057,
        0.9548829043843444,
        0.9551697628254409,
        0.9511307959748023,
        0.9509357322348567,
        0.947975353122741,
        0.9469426627347937,
        0.9445215774919393,
        0.9434544640910604,
        0.9412513912634393,
        0.9397023556815183,
        0.9373271677892394,
        0.9360535163107709
    ],
    "mean_test_score": [
        0.9622841997178341,
        0.9572171775576356,
        0.9641797426016417,
        0.9597369174840104,
        0.962371402182408,
        0.9578849776888806,
        0.958864878250463,
        0.9551816478862317,
        0.9547754616526593,
        0.9511794362281899,
        0.9505781873869383,
        0.9475742334664796,
        0.9465071299400192,
        0.9440149268440827,
        0.9426357248358365,
        0.9402123674761136,
        0.9390328155460704,
        0.9366760081860835,
        0.9355675969651098
    ],
    "std_test_score": [
        0.000423278894128407,
        0.00038926614478528466,
        0.0003968810264662186,
        0.00039315140928230727,
        0.0005253690195810303,
        0.0006501178583187654,
        0.0004547778468193373,
        0.000703778591564,
        0.0004704737126040037,
        0.0004962700183799066,
        0.0004333466069340532,
        0.000546980596969478,
        0.0005698874353406711,
        0.0007709419554633675,
        0.0006460931268214115,
        0.000728852502027769,
        0.0006087638908026209,
        0.0005543759625381785,
        0.0005840310118280744
    ],
    "rank_test_score": [
        3,
        7,
        1,
        4,
        2,
        6,
        5,
        8,
        9,
        10,
        11,
        12,
        13,
        14,
        15,
        16,
        17,
        18,
        19
    ]
}