{
    "mean_fit_time": [
        0.0025906085968017576,
        0.001541471481323242,
        0.0014442920684814454,
        0.0014146327972412109,
        0.0013892173767089844,
        0.0013910770416259766,
        0.001388883590698242,
        0.0013836383819580077,
        0.0014394283294677734,
        0.0014748096466064454,
        0.001462697982788086,
        0.0014366626739501954,
        0.0014455318450927734,
        0.0014158725738525391,
        0.0014235496520996094,
        0.0014139175415039062,
        0.0015440940856933593,
        0.0014678478240966798,
        0.001876688003540039
    ],
    "std_fit_time": [
        0.0008222309345684856,
        3.735878393398497e-05,
        3.156914081476163e-05,
        3.3366541727616425e-05,
        2.7532959047798255e-06,
        8.749149762960885e-06,
        4.04216183710532e-06,
        4.8054209470154275e-06,
        3.982164147416221e-05,
        4.8701487174064294e-05,
        1.87324796359569e-05,
        2.0523616365192687e-05,
        4.421980180240806e-05,
        9.256783638366861e-06,
        1.459962938938874e-05,
        6.0439932740457e-06,
        0.00027456350647770523,
        3.380455975845747e-05,
        0.00025600039250718706
    ],
    "mean_score_time": [
        0.009187602996826172,
        0.005072164535522461,
        0.004691457748413086,
        0.004630231857299804,
        0.004621124267578125,
        0.004622554779052735,
        0.004624509811401367,
        0.004660558700561523,
        0.004777002334594727,
        0.004931306838989258,
        0.004909992218017578,
        0.004822206497192383,
        0.004828071594238282,
        0.004810428619384766,
        0.0048161506652832035,
        0.004765176773071289,
        0.005035018920898438,
        0.005114841461181641,
        0.0058258056640625
    ],
    "std_score_time": [
        0.005521044239395502,
        0.00010340567521844938,
        0.00010199139967227959,
        2.7123024019263776e-05,
        2.1218771339681064e-05,
        1.6945909746537195e-05,
        1.947960040658412e-05,
        6.167467915445034e-05,
        0.00018833543015584874,
        6.888664936708283e-05,
        6.291323761642453e-05,
        9.534494611782222e-05,
        5.85507878613155e-05,
        4.401715808190479e-05,
        3.1192075911072616e-05,
        5.721998214522996e-05,
        0.0005205653903307758,
        0.00039841199593766284,
        0.0006205347688366824
    ],
    "param_n_neighbors": [
        1,
        2,
        3,
        4,
        5,
        6,
        7,
        8,
        9,
        10,
        11,
        12,
        13,
        14,
        15,
        16,
        17,
        18,
        19
    ],
    "params": [
        {
            "n_neighbors": 1
        },
        {
            "n_neighbors": 2
        },
        {
            "n_neighbors": 3
        },
        {
            "n_neighbors": 4
        },
        {
            "n_neighbors": 5
        },
        {
            "n_neighbors": 6
        },
        {
            "n_neighbors": 7
        },
        {
            "n_neighbors": 8
        },
        {
            "n_neighbors": 9
        },
        {
            "n_neighbors": 10
        },
        {
            "n_neighbors": 11
        },
        {
            "n_neighbors": 12
        },
        {
            "n_neighbors": 13
        },
        {
            "n_neighbors": 14
        },
        {
            "n_neighbors": 15
        },
        {
            "n_neighbors": 16
        },
        {
            "n_neighbors": 17
        },
        {
            "n_neighbors": 18
        },
        {
            "n_neighbors": 19
        }
    ],
    "split0_test_score": [
        0.8666666666666667,
        0.8166666666666667,
        0.7666666666666667,
        0.75,
        0.7,
        0.6833333333333333,
        0.65,
        0.6333333333333333,
        0.6166666666666667,
        0.5833333333333334,
        0.6,
        0.6166666666666667,
        0.6333333333333333,
        0.6166666666666667,
        0.5333333333333333,
        0.5333333333333333,
        0.5,
        0.5,
        0.5
    ],
    "split1_test_score": [
        0.8666666666666667,
        0.7833333333333333,
        0.8166666666666667,
        0.7833333333333333,
        0.7666666666666667,
        0.6666666666666666,
        0.6833333333333333,
        0.7,
        0.6666666666666666,
        0.65,
        0.65,
        0.65,
        0.6333333333333333,
        0.6166666666666667,
        0.6166666666666667,
        0.5833333333333334,
        0.5833333333333334,
        0.5833333333333334,
        0.5666666666666667
    ],
    "split2_test_score": [
        0.9,
        0.9,
        0.8666666666666667,
        0.8333333333333334,
        0.8166666666666667,
        0.7833333333333333,
        0.7666666666666667,
        0.7666666666666667,
        0.7,
        0.6833333333333333,
        0.6666666666666666,
        0.6666666666666666,
        0.6833333333333333,
        0.65,
        0.6333333333333333,
        0.65,
        0.6333333333333333,
        0.65,
        0.6333333333333333
    ],
    "split3_test_score": [
        0.9,
        0.8833333333333333,
        0.8833333333333333,
        0.8166666666666667,
        0.8,
        0.7666666666666667,
        0.7166666666666667,
        0.65,
        0.6666666666666666,
        0.6333333333333333,
        0.6666666666666666,
        0.65,
        0.6333333333333333,
        0.6166666666666667,
        0.6166666666666667,
        0.5833333333333334,
        0.6,
        0.5666666666666667,
        0.5333333333333333
    ],
    "split4_test_score": [
        0.9,
        0.7166666666666667,
        0.8,
        0.8,
        0.7666666666666667,
        0.65,
        0.6333333333333333,
        0.6,
        0.6166666666666667,
        0.6,
        0.6333333333333333,
        0.5833333333333334,
        0.55,
        0.5333333333333333,
        0.5333333333333333,
        0.48333333333333334,
        0.4666666666666667,
        0.48333333333333334,
        0.4666666666666667
    ],
    "mean_test_score": [
        0.8866666666666667,
        0.82,
        0.8266666666666668,
        0.7966666666666666,
        0.7699999999999999,
        0.71,
        0.6900000000000001,
        0.67,
        0.6533333333333333,
        0.63,
        0.6433333333333333,
        0.6333333333333333,
        0.6266666666666666,
        0.6066666666666667,
        0.5866666666666667,
        0.5666666666666667,
        0.5566666666666668,
        0.5566666666666666,
        0.54
    ],
    "std_test_score": [
        0.01632993161855452,
        0.0669991708074726,
        0.042946995755750395,
        0.028674417556808766,
        0.040000000000000015,
        0.054365021434333645,
        0.047842333648024434,
        0.058118652580542336,
        0.032317865716108826,
        0.03559026084010437,
        0.024944382578492942,
        0.029814239699997178,
        0.0429469957557504,
        0.038873012632302015,
        0.0439696865275764,
        0.055777335102271716,
        0.06289320754704401,
        0.06018490028422597,
        0.0573488351136175
    ],
    "rank_test_score": [
        1,
        3,
        2,
        4,
        5,
        6,
        7,
        8,
        9,
        12,
        10,
        11,
        13,
        14,
        15,
        16,
        17,
        18,
        19
    ]
}