{
    "mean_fit_time": [
        0.6096073150634765,
        0.5925637722015381,
        0.629464864730835
    ],
    "std_fit_time": [
        0.15719715081908975,
        0.159724603209779,
        0.012153062566809366
    ],
    "mean_score_time": [
        316.2473258972168,
        317.145859003067,
        178.58875327110292
    ],
    "std_score_time": [
        33.819069565014736,
        33.4114238320444,
        1.019959456849181
    ],
    "param_var_smoothing": [
        1e-06,
        1e-09,
        1e-12
    ],
    "params": [
        {
            "var_smoothing": 1e-06
        },
        {
            "var_smoothing": 1e-09
        },
        {
            "var_smoothing": 1e-12
        }
    ],
    "split0_test_score": [
        0.04231738035264484,
        0.04181360201511335,
        0.04181360201511335
    ],
    "split1_test_score": [
        0.04433249370277078,
        0.04332493702770781,
        0.04332493702770781
    ],
    "split2_test_score": [
        0.04231738035264484,
        0.04231738035264484,
        0.04231738035264484
    ],
    "split3_test_score": [
        0.044836272040302265,
        0.044836272040302265,
        0.044836272040302265
    ],
    "split4_test_score": [
        0.04233870967741935,
        0.04284274193548387,
        0.041834677419354836
    ],
    "mean_test_score": [
        0.04322844722515641,
        0.04302698667425043,
        0.04282537377102462
    ],
    "std_test_score": [
        0.0011185470805612685,
        0.0010365401618258382,
        0.001145119553339345
    ],
    "rank_test_score": [
        1,
        2,
        3
    ]
}