{
    "mean_fit_time": [
        0.002972412109375,
        0.002959728240966797,
        0.002886056900024414
    ],
    "std_fit_time": [
        0.0010190961625543226,
        3.6835477575395804e-05,
        0.0006949866329123343
    ],
    "mean_score_time": [
        0.001095724105834961,
        0.001091909408569336,
        0.0009819984436035157
    ],
    "std_score_time": [
        0.0003858879468392114,
        2.593284046928653e-05,
        0.00023188289485055963
    ],
    "param_var_smoothing": [
        1e-06,
        1e-09,
        1e-12
    ],
    "params": [
        {
            "var_smoothing": 1e-06
        },
        {
            "var_smoothing": 1e-09
        },
        {
            "var_smoothing": 1e-12
        }
    ],
    "split0_test_score": [
        0.7644882860665845,
        0.7644882860665845,
        0.7644882860665845
    ],
    "split1_test_score": [
        0.8027127003699137,
        0.8027127003699137,
        0.8027127003699137
    ],
    "split2_test_score": [
        0.7570900123304563,
        0.7570900123304563,
        0.7570900123304563
    ],
    "split3_test_score": [
        0.7666666666666667,
        0.7666666666666667,
        0.7666666666666667
    ],
    "split4_test_score": [
        0.7518518518518519,
        0.7518518518518519,
        0.7518518518518519
    ],
    "mean_test_score": [
        0.7685619034570946,
        0.7685619034570946,
        0.7685619034570946
    ],
    "std_test_score": [
        0.017873406623181782,
        0.017873406623181782,
        0.017873406623181782
    ],
    "rank_test_score": [
        1,
        1,
        1
    ]
}