{
    "mean_fit_time": [
        0.627234697341919,
        0.6460095882415772,
        0.36858196258544923
    ],
    "std_fit_time": [
        0.01877370234210792,
        0.014873319810078214,
        0.0054992830663800575
    ],
    "mean_score_time": [
        0.44961886405944823,
        0.4501473903656006,
        0.23784480094909669
    ],
    "std_score_time": [
        0.001946293877468204,
        0.004036058196730642,
        0.0017808823548509478
    ],
    "param_var_smoothing": [
        1e-06,
        1e-09,
        1e-12
    ],
    "params": [
        {
            "var_smoothing": 1e-06
        },
        {
            "var_smoothing": 1e-09
        },
        {
            "var_smoothing": 1e-12
        }
    ],
    "split0_test_score": [
        0.6354185790343309,
        0.4600353405544336,
        0.20632917202129614
    ],
    "split1_test_score": [
        0.6336974481365889,
        0.46103359647512393,
        0.2069487791444832
    ],
    "split2_test_score": [
        0.633054892601432,
        0.45699467596842297,
        0.20480310262529833
    ],
    "split3_test_score": [
        0.6344891683495502,
        0.45693730493849827,
        0.20727005691206168
    ],
    "split4_test_score": [
        0.6309394040229028,
        0.45806703308051544,
        0.20821333088547464
    ],
    "mean_test_score": [
        0.633519898428961,
        0.45861359020339887,
        0.2067128883177228
    ],
    "std_test_score": [
        0.0015133524320645711,
        0.0016496875276221963,
        0.0011324247269396432
    ],
    "rank_test_score": [
        1,
        2,
        3
    ]
}