{
    "mean_fit_time": [
        0.05053887367248535,
        0.05091185569763183,
        0.05057168006896973,
        0.05089688301086426,
        0.0207120418548584,
        0.027181434631347656,
        0.025540971755981447,
        0.02115044593811035,
        0.022615528106689452,
        0.02098422050476074,
        0.02455291748046875,
        0.023672199249267577,
        0.026638603210449217,
        0.022021961212158204,
        0.022355175018310545,
        0.020931053161621093,
        0.03706979751586914,
        0.022945117950439454,
        0.019625473022460937
    ],
    "std_fit_time": [
        0.00013865261934278765,
        0.00044372805230853614,
        0.0005336260115923599,
        0.0002718475780274619,
        0.0013896587991272683,
        0.003241806207946924,
        0.002224174861265903,
        0.0013199644309617037,
        0.00119252539037108,
        0.0019629317550637253,
        0.0021875854861334045,
        0.0026411715497426727,
        0.005155851589028368,
        0.002184093638714028,
        0.0020974172683133575,
        0.000654706194319392,
        0.006036530389817889,
        0.0022152209056610387,
        0.0010603200852405126
    ],
    "mean_score_time": [
        4.111869668960571,
        4.141854095458984,
        4.1672224521636965,
        4.250237226486206,
        4.056220960617066,
        4.095001888275147,
        4.102558183670044,
        4.099724006652832,
        4.0211104393005375,
        4.070063638687134,
        4.085498428344726,
        4.09245457649231,
        3.963488817214966,
        4.031099319458008,
        4.081466150283814,
        4.077302598953247,
        2.8306440830230715,
        2.7808345317840577,
        2.8703185081481934
    ],
    "std_score_time": [
        0.010727057494562871,
        0.010758400055736781,
        0.011391895377745894,
        0.035606179020999426,
        0.0300410164144543,
        0.027120536302224146,
        0.017559319122891125,
        0.03933641324043511,
        0.041103882764641525,
        0.03652703712995979,
        0.018787527467814296,
        0.03604570999633882,
        0.04013141762357138,
        0.0314376671192085,
        0.022485034196166463,
        0.015563122287814996,
        0.4586659041950663,
        0.377128934191476,
        0.3549638004395263
    ],
    "param_n_neighbors": [
        1,
        2,
        3,
        4,
        5,
        6,
        7,
        8,
        9,
        10,
        11,
        12,
        13,
        14,
        15,
        16,
        17,
        18,
        19
    ],
    "params": [
        {
            "n_neighbors": 1
        },
        {
            "n_neighbors": 2
        },
        {
            "n_neighbors": 3
        },
        {
            "n_neighbors": 4
        },
        {
            "n_neighbors": 5
        },
        {
            "n_neighbors": 6
        },
        {
            "n_neighbors": 7
        },
        {
            "n_neighbors": 8
        },
        {
            "n_neighbors": 9
        },
        {
            "n_neighbors": 10
        },
        {
            "n_neighbors": 11
        },
        {
            "n_neighbors": 12
        },
        {
            "n_neighbors": 13
        },
        {
            "n_neighbors": 14
        },
        {
            "n_neighbors": 15
        },
        {
            "n_neighbors": 16
        },
        {
            "n_neighbors": 17
        },
        {
            "n_neighbors": 18
        },
        {
            "n_neighbors": 19
        }
    ],
    "split0_test_score": [
        0.6950950066283694,
        0.6385329209014582,
        0.6235086168802475,
        0.6027397260273972,
        0.5903667697746354,
        0.5713654441007512,
        0.5620857269111799,
        0.5528060097216085,
        0.5395492708793637,
        0.5307114449845338,
        0.5161290322580645,
        0.5068493150684932,
        0.5015466195315952,
        0.5011047282368537,
        0.4896155545735749,
        0.4918250110472824,
        0.48740609809986746,
        0.4838709677419355,
        0.48033583738400354
    ],
    "split1_test_score": [
        0.6915598762704375,
        0.6456031816173221,
        0.6115775519222272,
        0.6000883782589483,
        0.583738400353513,
        0.5669465311533363,
        0.5638532920901458,
        0.550596553247901,
        0.5444100751215201,
        0.5346884666372073,
        0.5276182059213433,
        0.5298276623950509,
        0.516570923552806,
        0.5152452496685815,
        0.5099425541316837,
        0.49845338046840476,
        0.4896155545735749,
        0.48608042421564296,
        0.4763588157313301
    ],
    "split2_test_score": [
        0.6805125939019001,
        0.6274856385329209,
        0.6049491825011047,
        0.5947856827220503,
        0.5815289438798056,
        0.5731330092797172,
        0.5558992487847989,
        0.5475033141847105,
        0.5386654882898807,
        0.5368979231109147,
        0.5249668581528943,
        0.5148033583738401,
        0.5121520106053911,
        0.5002209456473707,
        0.49403446752098984,
        0.4891736632788334,
        0.48475475033141846,
        0.47370746796288116,
        0.4697304463102077
    ],
    "split3_test_score": [
        0.6822801590808661,
        0.623066725585506,
        0.6049491825011047,
        0.5952275740167918,
        0.5784357048166151,
        0.5612019443216969,
        0.5554573574900574,
        0.5364560318161732,
        0.5245249668581529,
        0.516570923552806,
        0.5121520106053911,
        0.5125939019001325,
        0.5015466195315952,
        0.4944763588157313,
        0.4918250110472824,
        0.48652231551038444,
        0.47989394608926206,
        0.47414935925762264,
        0.47105612019443216
    ],
    "split4_test_score": [
        0.6768346595932803,
        0.6282051282051282,
        0.6078691423519009,
        0.581343943412909,
        0.5702917771883289,
        0.5663129973474801,
        0.5543766578249337,
        0.5415561450044208,
        0.535366931918656,
        0.5305039787798409,
        0.5203359858532273,
        0.5101679929266136,
        0.5061892130857648,
        0.5008841732979664,
        0.491158267020336,
        0.4876215738284704,
        0.4880636604774536,
        0.484526967285588,
        0.4796640141467728
    ],
    "mean_test_score": [
        0.6852564590949707,
        0.6325787189684671,
        0.610570735231317,
        0.5948370608876193,
        0.5808723192025795,
        0.5677919852405964,
        0.5583344566202231,
        0.5457836107949628,
        0.5365033466135147,
        0.5298745474130605,
        0.5202404185581841,
        0.5148484461328261,
        0.5076010772614306,
        0.5023862911333008,
        0.49531517085877336,
        0.4907191888266751,
        0.4859468019143153,
        0.48046703729273404,
        0.4754290467533493
    ],
    "std_test_score": [
        0.006911141891837765,
        0.008253907323878259,
        0.006912376952887528,
        0.007378994644965808,
        0.0065829344182803794,
        0.004186334509474954,
        0.003857503898906573,
        0.006005182396975475,
        0.006651945382872954,
        0.007079330670276344,
        0.005641027410781401,
        0.007941721002825539,
        0.005940966487825494,
        0.0068776060719238155,
        0.007450466203967201,
        0.004257656084366528,
        0.003409646087895086,
        0.005388593881089527,
        0.0043467815028848215
    ],
    "rank_test_score": [
        1,
        2,
        3,
        4,
        5,
        6,
        7,
        8,
        9,
        10,
        11,
        12,
        13,
        14,
        15,
        16,
        17,
        18,
        19
    ]
}