{
    "mean_fit_time": [
        0.10415091514587402,
        0.11114497184753418,
        0.11035065650939942,
        0.09315247535705566,
        0.11359663009643554,
        0.09739255905151367,
        0.13818564414978027,
        0.11460661888122559,
        0.10186429023742676,
        0.09190397262573242,
        0.10550446510314941,
        0.11274251937866211,
        0.10233335494995117,
        0.09053659439086914,
        0.09642314910888672,
        0.11263751983642578,
        0.10306916236877442,
        0.090846586227417,
        0.09520168304443359
    ],
    "std_fit_time": [
        0.015913279561503058,
        0.018402076287313135,
        0.010506899864318174,
        0.01395536509757812,
        0.02305216794981196,
        0.009047922371658345,
        0.0415478426454723,
        0.009249986690563735,
        0.016066552925415454,
        0.007600739971926658,
        0.0056487909366591,
        0.005393754161479718,
        0.019880428432248607,
        0.00921382196130859,
        0.0072035872455639294,
        0.004503959737591127,
        0.019395018101450123,
        0.008934796700072712,
        0.008911289617009235
    ],
    "mean_score_time": [
        4.7103980541229244,
        4.7616582870483395,
        4.761340713500976,
        4.983496809005738,
        4.770134592056275,
        4.817247200012207,
        4.752411270141602,
        4.665037822723389,
        4.704496049880982,
        4.8318610191345215,
        4.7892578601837155,
        4.6992827415466305,
        4.713480997085571,
        4.816755723953247,
        4.744813871383667,
        4.77117805480957,
        3.0321464061737062,
        2.679210138320923,
        2.5922096729278565
    ],
    "std_score_time": [
        0.18938232727115403,
        0.27606684285233546,
        0.19172607961658175,
        0.14284589408348644,
        0.10326223925728024,
        0.03840162034735053,
        0.037162071402653124,
        0.041618341498260915,
        0.08273658905819162,
        0.026385265732423346,
        0.05095382107163726,
        0.04201457256780821,
        0.07932336938081942,
        0.062189437717560046,
        0.07057235570972722,
        0.05590076735257207,
        0.396462215517285,
        0.4736249707872992,
        0.48859667636543397
    ],
    "param_n_neighbors": [
        1,
        2,
        3,
        4,
        5,
        6,
        7,
        8,
        9,
        10,
        11,
        12,
        13,
        14,
        15,
        16,
        17,
        18,
        19
    ],
    "params": [
        {
            "n_neighbors": 1
        },
        {
            "n_neighbors": 2
        },
        {
            "n_neighbors": 3
        },
        {
            "n_neighbors": 4
        },
        {
            "n_neighbors": 5
        },
        {
            "n_neighbors": 6
        },
        {
            "n_neighbors": 7
        },
        {
            "n_neighbors": 8
        },
        {
            "n_neighbors": 9
        },
        {
            "n_neighbors": 10
        },
        {
            "n_neighbors": 11
        },
        {
            "n_neighbors": 12
        },
        {
            "n_neighbors": 13
        },
        {
            "n_neighbors": 14
        },
        {
            "n_neighbors": 15
        },
        {
            "n_neighbors": 16
        },
        {
            "n_neighbors": 17
        },
        {
            "n_neighbors": 18
        },
        {
            "n_neighbors": 19
        }
    ],
    "split0_test_score": [
        0.03526448362720403,
        0.028211586901763223,
        0.025692695214105794,
        0.027204030226700253,
        0.027707808564231738,
        0.025692695214105794,
        0.027707808564231738,
        0.02619647355163728,
        0.02871536523929471,
        0.031234256926952142,
        0.030226700251889168,
        0.03224181360201511,
        0.033753148614609575,
        0.034760705289672546,
        0.03324937027707808,
        0.035768261964735516,
        0.036272040302267,
        0.03727959697732997,
        0.03727959697732997
    ],
    "split1_test_score": [
        0.024181360201511334,
        0.024181360201511334,
        0.023173803526448364,
        0.025692695214105794,
        0.02619647355163728,
        0.026700251889168764,
        0.02871536523929471,
        0.027204030226700253,
        0.027707808564231738,
        0.02871536523929471,
        0.029722921914357683,
        0.031234256926952142,
        0.03324937027707808,
        0.0327455919395466,
        0.03425692695214106,
        0.03526448362720403,
        0.035768261964735516,
        0.03677581863979849,
        0.03828715365239295
    ],
    "split2_test_score": [
        0.03727959697732997,
        0.027707808564231738,
        0.027707808564231738,
        0.029219143576826197,
        0.03224181360201511,
        0.03425692695214106,
        0.0327455919395466,
        0.030730478589420653,
        0.030730478589420653,
        0.033753148614609575,
        0.03425692695214106,
        0.03425692695214106,
        0.03425692695214106,
        0.03677581863979849,
        0.03828715365239295,
        0.04030226700251889,
        0.040806045340050376,
        0.04231738035264484,
        0.04332493702770781
    ],
    "split3_test_score": [
        0.03727959697732997,
        0.031234256926952142,
        0.02871536523929471,
        0.029219143576826197,
        0.02871536523929471,
        0.027707808564231738,
        0.027707808564231738,
        0.026700251889168764,
        0.02619647355163728,
        0.02871536523929471,
        0.030226700251889168,
        0.03224181360201511,
        0.0327455919395466,
        0.0327455919395466,
        0.035768261964735516,
        0.03727959697732997,
        0.037783375314861464,
        0.03828715365239295,
        0.03727959697732997
    ],
    "split4_test_score": [
        0.034274193548387094,
        0.03125,
        0.028729838709677418,
        0.031754032258064516,
        0.030745967741935484,
        0.03477822580645161,
        0.03377016129032258,
        0.03477822580645161,
        0.037298387096774195,
        0.039818548387096774,
        0.03931451612903226,
        0.03881048387096774,
        0.038306451612903226,
        0.040826612903225805,
        0.04233870967741935,
        0.04485887096774194,
        0.04536290322580645,
        0.046875,
        0.04788306451612903
    ],
    "mean_test_score": [
        0.03365584626635248,
        0.028517002518891686,
        0.026803902250751604,
        0.028617808970504595,
        0.02912148573982286,
        0.029827181685219795,
        0.030129347119525474,
        0.02912189201267571,
        0.030129702608271712,
        0.03244733688144959,
        0.03274955309986187,
        0.03375705899081823,
        0.034462297879255706,
        0.03557086414235801,
        0.03678008450475339,
        0.03869469610790607,
        0.03919852522954416,
        0.04030698992443325,
        0.04081086983017795
    ],
    "std_test_score": [
        0.004878505757779032,
        0.0026229225916740966,
        0.0021256700802532017,
        0.0020549532331057834,
        0.002149162677022465,
        0.003885843326111298,
        0.002601050076093632,
        0.003245990469843171,
        0.0038752336920762874,
        0.004131989617488012,
        0.0036677236761518297,
        0.002710846304315181,
        0.0019870007788989484,
        0.003023094235541053,
        0.003256551030500349,
        0.0035472303531142277,
        0.003547318603198397,
        0.0038182310901788167,
        0.004186774195445135
    ],
    "rank_test_score": [
        9,
        18,
        19,
        17,
        16,
        14,
        13,
        15,
        12,
        11,
        10,
        8,
        7,
        6,
        5,
        4,
        3,
        2,
        1
    ]
}